{
	"backends": {
		"S3": {
			"enabled": false,
			"bucket_name": "nikpag",
			"s3_region": "us-east-1",
			"timeout": 100,
			"max_timeout": 1000
		},
		"Redis": {
			"enabled": false,
			"host": "127.0.0.1",
			"port": 6379,
			"timeout": 1,
			"max_timeout": 1000
		},
		"Direct": {
			"enabled": true,
			"host": "18.210.6.199",
			"port": 10000,
			"max_timeout": 20000
		}
	},
	"model": {
		"FaaS": {
			"gib_second_price": 0.0000166667
		},
		"S3": {
			"bandwidth": 50.0,
			"overhead": 40.4,
			"transfer_price": 0.0,
			"download_price": 0.00000043,
			"upload_price": 0.0000054
		},
		"Redis": {
			"bandwidth_single": 100.0,
			"bandwidth_multiple": 400.0,
			"overhead": 5.2,
			"transfer_price": 0.0,
			"instance_price": 0.0038,
			"requests_per_hour": 1000,
			"include_infrastructure_costs": true
		},
		"Direct": {
			"bandwidth": 400.0,
			"overhead": 0.34,
			"transfer_price": 0.0,
			"vm_price": 0.0134,
			"requests_per_hour": 1000,
			"include_infrastructure_costs": true
		}
	}
}
